[
    {
        "spec": "/authentication/api/v1/openapi.json",
        "route": "/authentication/api/v1/redoc",
        "label": "Authentication Service"
    },
    {
        "spec": "/llm-service/api/v1/openapi.json",
        "route": "/llm-service/api/v1/redoc",
        "label": "LLM Service"
    },
    {
        "spec": "/classroom-shim/api/v1/openapi.json",
        "route": "/classroom-shim/api/v1/redoc",
        "label": "Classroom Shim Service"
    },
    {
        "spec": "/lti/api/v1/openapi.json",
        "route": "/lti/api/v1/redoc",
        "label": "LTI Service"
    }
]